Frank I;Frank I[Author] AND HIV
Stephens;(Stephens A[Author] OR Stephens-Shields A[Author]) AND HIV
Arscott-Mills T;Arscott-Mills T[Author]
Abdel-Mohsen M;Abdel-Mohsen M[Author]
Ashare R;Ashare R[Author]
Awasthi S;awasthi s[Author]
Azzoni L;azzoni l[Author]
Bar K;BAR K[Author]
Bau HH;bau hh[Author]
Bauermeister J;Bauermeister J[Author]
Betts M;BETTS M[Author]
Bhandoola A;BHANDOOLA A[Author]
Bisson GP;BISSON GP[Author]
Blank MB;BLANK MB[Author]
Blumberg EA;blumberg ea[Author]
Brady KA;brady ka[Author]
Brawner B;brawner b[Author]
Bushman F;BUSHMAN F[Author]
Cancro M;CANCRO M[Author]
Caton A;CATON A[Author]
Chang KM;chang km[Author]
Chhatre S;chhatre s[Author]
Collman R;COLLMAN R[Author]
Douglas SD;DOUGLAS SD[Author]
Downshen N;DOWSHEN N[Author]
Eisenlohr L;Eisenlohr L[Author]
Epperson CN;EPPERSON CN[Author]
Evans DL;Evans DL[Author]
Friedman HM;friedman hm[Author]
Ghose T;GHOSE T[Author]
Gross R;GROSS R[Author]
Grover S;grover s[Author]
Hahn BH;HAHN BH[Author]
Hahn SM;Hahn SM[Author]
Hoxie J;HOXIE J[Author]
Hunter CA;HUNTER CA[Author]
Jarvis JN;jarvis jn[Author]
Jemmot J;JEMMOTT J[Author]
Jemmot L;JEMMOTT L[Author]
Johnson PR;JOHNSON PR[Author]
Jordan-Sciutto K;JORDAN-SCIUTTO K[Author]
June CH;JUNE CH[Author]
Koenig H;koenig h[Author]
Kohler HP;Kohler HP[Author]
Kohli RM;KOHLI RM[Author]
Kolson D;KOLSON D[Author]
Kovaric CL;kovaric cl[Author]
Langleben DD;LANGLEBEN DD[Author]
Lieberman PM;LIEBERMAN PM[Author]
Liu C;LIU C[Author]
Lo Re V;Lo Re V[Author]
Lowenthal ED;LOWENTHAL ED[Author]
Mcguire JL;Mcguire JL[Author]
Metzger DS;METZGER DS[Author]
Montaner L;MONTANER L[Author]
Moore JH;Moore JH[Author]
Morroni C;morroni c[Author]
O'doherty U;O'doherty U[Author]
Obrein CP;OBRIEN CP[Author]
Ratcliffe S;ratcliffe s[Author]
Riley JL;RILEY JL[Author]
Robertson ES;ROBERTSON ES[Author]
Rutstein R;rutstein r[Author]
Sawinski D;sawinski d[Author]
Schnoll RA;SCHNOLL RA[Author]
Schulman LN;schulman ln[Author]
Scott PA;SCOTT PA[Author]
Shaw GM;SHAW GM[Author]
Shaw PA;shaw pa[Author]
Stallings V;stallings v[Author]
Steenhoff AP;steenhoff ap[Author]
Stevens R;stevens r[Author]
Su LF;su lf[Author]
Tebas P;TEBAS P[Author]
Teitelman A;Teitelman A[Author]
Tomescu C;Tomescu C[Author]
Van Duyne G;van duyne g[Author]
Villarruel A;VILLARRUEL A[Author]
Weiner DB;WEINER DB[Author]
Weissman D;Weissman D[Author]
Wherry EJ;WHERRY EJ[Author]
Wood S;Wood s[Author]
Woody GE;WOODY GE[Author]
Yehia B;YEHIA B[Author]
You J;YOU J[Author]
Zetola N;ZETOLA N[Author]